Date,SP500,DJIA,NASDAQ,RUSSELL2000
2018-01-03,0.006378433243936035,0.003966899198768946,0.008332636701786437,0.0016566461602322549
2018-01-04,0.004020542855326989,0.006098332813957483,0.001750687853463847,0.0020204071618357996
2018-01-05,0.007009145888585348,0.008764554775312662,0.008252187283554726,0.0027537956116087696
2018-01-08,0.001660963767296979,-0.0005088742046378698,0.0029145327338445013,0.0011532048537048478
2018-01-09,0.0013020835172984225,0.0040577602279792645,0.0008644584408543671,-0.0010955364889613844
2018-01-10,-0.0011128458115206878,-0.0006568789252812024,-0.0013983586964871834,-0.0001922669036759956
2018-01-11,0.007009025768882019,0.008071658499252931,0.008104262147180293,0.017155493045706332
2018-01-12,0.006726926399094035,0.00889333357527179,0.006810061387407545,0.003259092356564573
2018-01-16,-0.0035307132616026696,-0.00040042129184875397,-0.005159937189424774,-0.012006691188803726
2018-01-17,0.009371006206502086,0.012437081236758862,0.010272779947747283,0.008665665995808968
2018-01-18,-0.0016176974974736241,-0.0037534419107108532,-0.00030559546738707113,-0.00627812965265099
2018-01-19,0.004375647986990156,0.0020699044205044702,0.005512437935737619,0.013168214391717947
2018-01-22,0.00803436438221324,0.005465263611386164,0.009719001025396256,0.004708413186733057
2018-01-23,0.002172004968222319,-0.0001445506099161929,0.007029774680554691,0.003445353970851203
2018-01-24,-0.0005601325472320471,0.0015747729885790744,-0.006081217525638149,-0.00556577132863633
2018-01-25,0.0006024393988328895,0.005344116324471906,-0.0005260818168330194,-6.241764102894035e-05
2018-01-26,0.011771638106084168,0.00844841799607149,0.012685067344250367,0.003981657576404984
2018-01-29,-0.006754736284863033,-0.006680883918119308,-0.005244404252838061,-0.0062068480770740885
2018-01-30,-0.010958642805337085,-0.013808859899187018,-0.008612579878181297,-0.009613639503116696
2018-01-31,0.0004888658586947881,0.002776381731025334,0.0012150702622428843,-0.004965470967508525
2018-02-01,-0.0006482983520233253,0.0014261787833463014,-0.0034628038632553097,0.0031000006988396145
2018-02-02,-0.021436680516698812,-0.025751953905047906,-0.019814902727970922,-0.02085046174601508
2018-02-05,-0.041842540938381426,-0.04714281575104447,-0.03849168499780571,-0.03698472712484796
2018-02-06,0.017290573348937088,0.023023208289904087,0.02106813455178275,0.010726376129470304
2018-02-07,-0.005014138223752627,-0.0007798207607505947,-0.009020464099426138,0.0005306067198831097
2018-02-08,-0.0382590522458017,-0.04237794893342402,-0.03975026748981897,-0.029735366747496078
2018-02-09,0.014825645199524345,0.01375381063110982,0.014259334878984965,0.009552549826951407
2018-02-12,0.013818665678186272,0.01682150303387461,0.015512180977900487,0.008852069636692307
2018-02-13,0.0026095219802775584,0.001591321211463838,0.004508581526370728,0.002659120028460889
2018-02-14,0.013313439808897013,0.010216963140164998,0.018381411494061847,0.017998215458501124
2018-02-15,0.01199686177677526,0.012252309927855575,0.015668329507534506,0.009871603680462492
2018-02-16,0.0003733996499216942,0.0007541377992169596,-0.0023399676072669603,0.004122442034779723
2018-02-20,-0.005858517106837343,-0.010147950764002728,-0.0007130350704711438,-0.008823796926533784
2018-02-21,-0.005511664483310908,-0.0067107252020611454,-0.0022252261148222254,0.0012084118567066086
2018-02-22,0.0009730774855778604,0.006619811637248777,-0.0011283555786926532,-0.0012084118567065518
2018-02-23,0.015901278245121022,0.013825272398389417,0.017501799981988878,0.012470982818485035
2018-02-26,0.011688438620627399,0.01565242030442786,0.011392585865810146,0.006524037772793186
2018-02-27,-0.012788311441467541,-0.011707658723049432,-0.012352521001094765,-0.01476865520785037
2018-02-28,-0.011157806083656078,-0.015100838224429126,-0.007853073163015006,-0.015756738194825554
2018-03-01,-0.013413965854876449,-0.01693167604781073,-0.012792821286839794,-0.0033511320573278583
2018-03-02,0.005058785485198549,-0.002886032185655095,0.010709030898665704,0.016957827893261536
2018-03-05,0.01097161761052657,0.013628221494839473,0.009985954582790477,0.008365806674269494
2018-03-06,0.0026353829319968104,0.00037618914718762377,0.005617996408895345,0.010391730186783878
2018-03-07,-0.000483991825716375,-0.003331349305096405,0.003336817305749764,0.007861780713939165
2018-03-08,0.004453148208884627,0.0037769879684194166,0.0042227566711994504,-0.001627242433594174
2018-03-09,0.017229546741207587,0.01754060321155814,0.01772839658381549,0.015884947714538758
2018-03-12,-0.001274797337998416,-0.006221256628645413,0.003631864810273344,0.002451407553393488
2018-03-13,-0.006383910414314703,-0.0068378425063305055,-0.01024028698970021,-0.005643421852189641
2018-03-14,-0.005740969825188786,-0.010003475916591915,-0.0018923083345609277,-0.004873506335569837
2018-03-15,-0.0007822363990965508,0.00465593722345753,-0.002012187963278203,-0.004865706306563416
2018-03-16,0.0017019979472317418,0.0029245047301581033,3.3414127652933785e-05,0.005963367360905822
2018-03-19,-0.014306040541373417,-0.013544076351989011,-0.018582466273706987,-0.009814398385065835
2018-03-20,0.0014807086617189258,0.0047168173398674665,0.00272761031290941,-9.552743881378064e-05
2018-03-21,-0.0018456921256294063,-0.001819849377875168,-0.0025846779427457257,0.00564498828240717
2018-03-22,-0.025484886972854417,-0.029789082851014115,-0.024616765349244556,-0.02268949380751977
2018-03-23,-0.02118980731175066,-0.017885575122934008,-0.02458008506782245,-0.02212964754935478
2018-03-26,0.026795040706035392,0.028047892373448135,0.03206730137297476,0.022032468574269843
2018-03-27,-0.0174272856453219,-0.014352574438880746,-0.029761810254837467,-0.019724005692031792
2018-03-28,-0.0029209188994626773,-0.0003895103449011854,-0.008537078245363964,-0.0003567812081345334
2018-03-29,0.013675777493843445,0.010622887399283715,0.016302769090529544,0.010780869960705826
2018-04-02,-0.022590682343495868,-0.019223456218015505,-0.027752037963765908,-0.02442246587525775
2018-04-03,0.012535961315741067,0.016325443520889934,0.010304574212672335,0.013059809117065493
2018-04-04,0.01150010234644679,0.009563327316697266,0.014421657157892691,0.012819641557206243
2018-04-05,0.006839421401651201,0.009880018270320111,0.004878651447884911,0.00733110410475495
2018-04-06,-0.022164067057064987,-0.02363796289940167,-0.02307762053986691,-0.019390512016314688
2018-04-09,0.0033309949675928295,0.0019343794544448567,0.005081704095747849,0.0007661850096287675
2018-04-10,0.01658859899631407,0.01772834608560748,0.020501060422378717,0.018948333271004637
2018-04-11,-0.005540685772461173,-0.008994392016097549,-0.0035683765155923013,0.0021810650607236052
2018-04-12,0.008216898697657044,0.012064517898076669,0.01002454907482414,0.006784475908005771
2018-04-13,-0.0028907998267066345,-0.005032857688062462,-0.00471683807462594,-0.005034030004220578
2018-04-16,0.008076336801563068,0.00870165324326942,0.006959311194262101,0.008687505634770498
2018-04-17,0.01060507161386675,0.008654560713452941,0.01729170024394236,0.010672023799222797
2018-04-18,0.0008310204075532664,-0.001556910761623052,0.001940149699054451,0.0023772263723745132
2018-04-19,-0.00574258179583257,-0.0033667185487594046,-0.007868890021573644,-0.006169763023041248
2018-04-20,-0.008573177188352708,-0.008221503335075035,-0.012782287752647089,-0.006182388604551799
2018-04-23,5.623011118453955e-05,-0.00058268353444096,-0.0024560596231532647,-0.0012794924760079953
2018-04-24,-0.013470888006475166,-0.017517835691983223,-0.017155263282233792,-0.005675026947402305
2018-04-25,0.0018353742328236348,0.00248188649990653,-0.0005152865730758118,-0.0018107510988683148
2018-04-26,0.010380144187376953,0.009854598957493492,0.016278014116889845,0.004774259142679836
2018-04-27,0.001113005271363815,-0.00045854746639143444,0.0001572680384554393,-0.0010597017888692294
2018-04-30,-0.008221192548921247,-0.0061079541555095086,-0.007546845586481015,-0.009270194964239736
2018-05-01,0.0025458021710273926,-0.002656308477814994,0.009076671592713827,0.005465328882462224
2018-05-02,-0.007231951201402355,-0.0072493320653118755,-0.0041879108910961044,0.002949904973979541
2018-05-03,-0.002256217585064076,0.00021606552117916128,-0.0017971609948732692,-0.005384540563401367
2018-05-04,0.012729810028334959,0.01379316448708292,0.01699189975559301,0.012235973944583593
2018-05-07,0.003451980554989958,0.003900082205143765,0.00768093535488219,0.008490916730896596
2018-05-08,-0.0002656766117338216,0.00011866878017918972,0.00023258032450448925,0.004700965620401763
2018-05-09,0.009635647934868785,0.007456798230959889,0.00999682499393901,0.006070853593835422
2018-05-10,0.009327011603848374,0.007994440577951076,0.008824823149734514,0.004787813285020278
2018-05-11,0.001706139270961256,0.0036973748945503928,-0.00028232755347324404,0.0019187535087816386
2018-05-14,0.0008830995101265589,0.0027443990035246925,0.0011394395223916028,-0.004022338931561504
2018-05-15,-0.006865655043990812,-0.007781384225804582,-0.008086495972407811,0.0
2018-05-16,0.004052339847514407,0.002527302075126523,0.0063281762839907,0.009966805953618962
2018-05-17,-0.0008562387886101002,-0.0022209381446324757,-0.002141917623339441,0.005503394165307031
2018-05-18,-0.0026356652545503154,4.4887552736528306e-05,-0.0038177061586997206,0.000824107529115981
2018-05-21,0.007359604547933372,0.011993264195406245,0.005383681667708879,0.006623617889750996
2018-05-22,-0.0031406885928751895,-0.007177048364956676,-0.0021093361180167503,-0.00747851967560532
2018-05-23,0.0032431452068987514,0.0021077684450971305,0.006417024543698568,0.001457180967054415
2018-05-24,-0.0020252629577225518,-0.0030202413400744724,-0.00020602625891678175,0.0003747034500774363
2018-05-25,-0.002360003054185922,-0.0023674014846859427,0.0012679695043726937,-0.0007925392378424099
2018-05-29,-0.011631572511792225,-0.01594839058364238,-0.005024845176855618,-0.00201812004706019
2018-05-30,0.012615875351923801,0.012495977338215475,0.00886474263269079,0.014879641274466303
2018-05-31,-0.006903333243434208,-0.010265814547760847,-0.002728034462862242,-0.00876407668975039
2018-06-01,0.01079079970923988,0.008944662870860272,0.01496514890387624,0.008758002747503386
2018-06-04,0.004469594898352221,0.007218736483913557,0.006876961968937246,0.003265342649239055
2018-06-05,0.0007023462695756739,-0.0005526293356440052,0.004119560218171129,0.006787253159522928
2018-06-06,0.008530900637311972,0.013871506709916614,0.006704538135994898,0.006777260096283605
2018-06-07,-0.0007144436219845289,0.003771533681178008,-0.007069895556034445,-0.004892723093078033
2018-06-08,0.0031210289077513477,0.002971608286079775,0.0013664328593386542,0.0028261116385085673
2018-06-11,0.0010681370069403208,0.00022833264122791076,0.0018843515088009125,0.0013086062317361196
2018-06-12,0.0017418672787038484,-6.240060208958935e-05,0.005709552350183889,0.004539799445710568
2018-06-13,-0.004034254541411457,-0.004731864905798132,-0.0010506639338146815,-0.003429764598068602
2018-06-14,0.002468500522503687,-0.001027807375877669,0.00845459417280978,0.004867191330093848
2018-06-15,-0.00101762031549408,-0.003375264049202649,-0.0018907285275285711,-0.0004808699903941758
2018-06-18,-0.002128391180886516,-0.004113982641056727,8.38940372789239e-05,0.0050645782574802916
2018-06-19,-0.004031517951391294,-0.011562743787377356,-0.0027713413297319658,0.0005847705865093658
2018-06-20,0.001710690224112545,-0.0017184714379744762,0.007212201595005314,0.007963740490145522
2018-06-21,-0.006365728843220268,-0.007984715006511175,-0.008849616950286781,-0.01062457468180696
2018-06-22,0.0018602032551338834,0.004860740075332699,-0.0026133562327808717,-0.0019973130066418313
2018-06-25,-0.013819722967770653,-0.01343723035972235,-0.021125496113385964,-0.016793210020989935
2018-06-26,0.0022021505056967236,0.00124891436431329,0.003924852573788241,0.0066265346939709015
2018-06-27,-0.008641586313141117,-0.006839577905654793,-0.015533337880731118,-0.01697245215108864
2018-06-28,0.006159680019031288,0.004074225422518464,0.007840168258906632,0.0027819893942826216
2018-06-29,0.0007581158875170001,0.0022834521743967653,0.0008817954125147008,-0.0011861436220385205
2018-07-02,0.003063260834293461,0.0014726461937022567,0.007612475513037093,0.007288956914792446
2018-07-03,-0.004959629280533677,-0.005460158567688245,-0.008628914446621389,0.003215241517029675
2018-07-05,0.008583856745537827,0.007497009034692644,0.01110220141850054,0.011413601183041472
2018-07-06,0.00844551760058016,0.004086613083373815,0.01335026837691078,0.008637930492271653
2018-07-09,0.008784290785341506,0.013004018800785331,0.008781132145535843,0.006208324227411465
2018-07-10,0.003467249318821859,0.005757806987828455,0.00038671255163987716,-0.005282012001756782
2018-07-11,-0.007119486371916502,-0.008835625974138221,-0.005504130561746751,-0.007078437283011378
2018-07-12,0.0087109915801719,0.009045497211303207,0.013810567038781462,0.0039241975185845416
2018-07-13,0.0010786555366086475,0.003785002197004616,0.00026326795934844717,-0.0018950151678890543
2018-07-16,-0.0010286646208985384,0.0017949619702806658,-0.0025921399100494796,-0.005074806622502936
2018-07-17,0.003965824343443431,0.0022130956491346974,0.006308737607944706,0.005181525988620351
2018-07-18,0.0021581820767374625,0.0031557948236612073,-8.659386757343794e-05,0.0027285059792990997
2018-07-19,-0.003960826849049506,-0.005363279932210988,-0.0037169201452832553,0.005564153792215032
2018-07-20,-0.0009488977712743676,-0.0002546099752515859,-0.0006518947372211367,-0.0026485247579949604
2018-07-23,0.0018363623432315187,-0.0005520724041924152,0.002767186619702538,0.0009424871794194609
2018-07-24,0.004769518886053562,0.007861055175345737,-0.0001402949565205447,-0.010779734520876546
2018-07-25,0.009060435070372713,0.006797247565709193,0.011598450616720955,0.0029714172603386977
2018-07-26,-0.00303690274886736,0.0044353472249540355,-0.010144274299498457,0.0060108768731547985
2018-07-27,-0.006583834644845457,-0.0029820560570207695,-0.014722934030169109,-0.019067490466712723
2018-07-30,-0.0057707893155871425,-0.005683091049072733,-0.013980443306997423,-0.006157144966189826
2018-07-31,0.004872837219303094,0.004272682391214681,0.0054621247390766224,0.010632119276981745
2018-08-01,-0.0010408930675711336,-0.003206730958029938,0.004616669251018413,-0.0009221625627197541
2018-08-02,0.0049143495822087,-0.00030241449907798015,0.01230189923991944,0.007662577999000406
2018-08-03,0.004633432065347987,0.005372066695294745,0.001193724567276273,-0.005203444073459667
2018-08-06,0.003531982650801626,0.0015539999610024858,0.0060836524154275875,0.006516464949046962
2018-08-07,0.0028202017464857678,0.004957090828567785,0.0030463673538434527,0.002366115245335717
2018-08-08,-0.00026241439329510795,-0.0017636329695716996,0.000592179165986378,-0.0008414626814002669
2018-08-09,-0.0014427146770399496,-0.002917018479127787,0.0004372221887036803,0.0023743544565358312
2018-08-10,-0.007139312263244473,-0.007716712643919264,-0.006696394147989415,-0.002421754360160126
2018-08-13,-0.004014037665980266,-0.0049679040835721505,-0.002477825594418422,-0.006829112091147366
2018-08-14,0.006368930016417421,0.004445481480281982,0.006523696605063858,0.010249806333388789
2018-08-15,-0.007631208581378815,-0.005450010167129789,-0.01237087762637584,-0.013029196200482698
2018-08-16,0.00788821455263811,0.015627739185996976,0.004159001011764668,0.008985798753335085
2018-08-17,0.003317606375263089,0.004317557035969861,0.0012558604635883955,0.004261971867577579
2018-08-20,0.002425074902128281,0.0034755080350539593,0.000598527330922324,0.003384790777522545
2018-08-21,0.002066399954627058,0.0024660114420264707,0.004867320700090972,0.01133262389042014
2018-08-22,-0.0003982310542435054,-0.003440520293444183,0.0038010793287848598,0.002610013206198888
2018-08-23,-0.0016926939235351061,-0.0029818381998881777,-0.0013496239486998085,-0.0031922378865982077
2018-08-24,0.006179705928285333,0.005184698182836233,0.008533689601206361,0.005007675848395419
2018-08-27,0.007641141407110444,0.010003596712197079,0.009010392083066462,0.001586524195807665
2018-08-28,0.00026924207759835515,0.00055182869795642,0.0015129841062377677,5.791297459690965e-06
2018-08-29,0.005685242468911669,0.002320461564534871,0.00987012162643435,0.0036555889681829335
2018-08-30,-0.004440172044458075,-0.005282931274861442,-0.002633661547073223,-0.0013844566434833498
2018-08-31,0.00013446846730492032,-0.0008507746076764973,0.002615177026669387,0.004837200686481086
2018-09-04,-0.0016556920488793076,-0.00047536539059941485,-0.0022579203593070863,-0.004242792389812202
2018-09-05,-0.002807062801265972,0.000866969514599413,-0.01194563129969452,-0.003311144749040121
2018-09-06,-0.0036589910366181576,0.0008034851693565934,-0.009101758641426221,-0.007658139834697648
2018-09-07,-0.002215797895014484,-0.0030563074464409344,-0.002551609209266961,-0.0007526538846693423
2018-09-10,0.0018960282146933797,-0.0022972621330180354,0.002732108445747185,0.002500936672446758
2018-09-11,0.003732865689715426,0.0043987856126618255,0.006078043735167767,0.0005413788851004286
2018-09-12,0.0003566083498935524,0.0010721334669494065,-0.002290523727588993,-0.0015725073921979925
2018-09-13,0.005268352159391334,0.005640845943738032,0.007449959830897455,-0.000804662945713347
2018-09-14,0.00027544390076635555,0.00033191502951415307,-0.00045806030912466157,0.004307304940458669
2018-09-17,-0.005585290991549207,-0.003544870522625289,-0.014366048722210843,-0.010609436456194407
2018-09-18,0.0053546528676252396,0.007067322382911824,0.007610458775181269,0.0043461063411002
2018-09-19,0.0012524880331719868,0.00603195077055245,-0.0007632047416434572,-0.0047101155854643965
2018-09-20,0.00781001418532906,0.009468888302665169,0.00978711280321286,0.01007863929478691
2018-09-21,-0.00036860093700704873,0.0032404055617760246,-0.005153870923131796,-0.004579822963168451
2018-09-24,-0.003521882314013849,-0.006807918383873411,0.0007872286287500391,-0.004096399859926077
2018-09-25,-0.001305948493117946,-0.0026327718765138245,0.0017774473144537082,0.002044511202224944
2018-09-26,-0.003294699681159941,-0.0040445106572658115,-0.0021378015799517077,-0.010116526613477358
2018-09-27,0.0027594762285113967,0.002069103413809631,0.006437023511163868,-0.0006386229350140501
2018-09-28,-6.870144138179519e-06,0.0006949516669487463,0.0005444798258151167,0.0035664275856836865
2018-10-01,0.0036344923421985013,0.007264280810997965,-0.001125402999805149,-0.01399609528966285
2018-10-02,-0.0003967689102790794,0.004594417820593543,-0.004707915911818703,-0.010183205014663554
2018-10-03,0.0007112667367183715,0.0020316725233939115,0.0031875987539673662,0.00916657285264549
2018-10-04,-0.008203035421009815,-0.007516895643175434,-0.01830717498590276,-0.014694981053757817
2018-10-05,-0.0055433145846221455,-0.0067991324022402145,-0.011623797330643629,-0.009027178391370221
2018-10-08,-0.000395194708349698,0.0015010636119106226,-0.006763572030761691,-0.0015881423464966533
2018-10-09,-0.0014189098341542976,-0.002124407436490474,0.00026752335727117465,-0.004705703404519341
2018-10-10,-0.03341638904260208,-0.03197816592893419,-0.04169057041705027,-0.029064223948176364
2018-10-11,-0.02078757997254153,-0.021556342359865772,-0.012607997468520165,-0.019245739596955667
2018-10-12,0.014106235408376288,0.011396991189045495,0.022641010553660704,0.0008408949891626427
2018-10-15,-0.005922482291300048,-0.003535820906860076,-0.008862804571271032,0.004135739880978141
2018-10-16,0.02126782803490127,0.021465278111665563,0.028490480618551608,0.027780182126806725
2018-10-17,-0.0002526942626648821,-0.003562378564071945,-0.0003649927185700407,-0.0045442580600855795
2018-10-18,-0.014496490575341185,-0.01281110748799749,-0.020831229406195338,-0.018315921937133352
2018-10-19,-0.00036123513527937907,0.0025535546033730204,-0.004835946306432387,-0.012060234486095903
2018-10-22,-0.004308797096477868,-0.005001007728982592,0.0026277726360612085,-0.0016485520912025043
2018-10-23,-0.005527076180694164,-0.004988462629079819,-0.004171412105854851,-0.008421220915594763
2018-10-24,-0.03135077386114084,-0.02443161611580561,-0.04526298466957276,-0.03865884493495677
2018-10-25,0.018453717978714167,0.016185436305432763,0.02910633535786402,0.021354132965431094
2018-10-26,-0.017479138010003174,-0.011927790695957717,-0.02086705285381519,-0.011111948107081236
2018-10-29,-0.00658120829519397,-0.0099892741619902,-0.016447695824603176,-0.004396901299440103
2018-10-30,0.015545322971877482,0.01750823546524911,0.01567163144462349,0.01965910953616474
2018-10-31,0.010792878754571094,0.009646692508574323,0.01994183981730184,0.003160996952253215
2018-11-01,0.010502498868529206,0.01049509969925747,0.017389923216889792,0.0219679400611593
2018-11-02,-0.006336721055879746,-0.004339858688654831,-0.010421237192339805,0.0019398899298288855
2018-11-05,0.0055846936971941175,0.0075245623996458505,-0.003832286137168563,-0.0003036486683650345
2018-11-06,0.0062397877444086355,0.006783654561553297,0.006407430530376597,0.005535481452246577
2018-11-07,0.020987078560774024,0.021048263201855127,0.026066079888775167,0.016608348280748555
2018-11-08,-0.002512068988491457,0.0004170175593050711,-0.005280252546508446,-0.002499754968700973
2018-11-09,-0.00924158591537243,-0.00773932203045139,-0.01659990027946333,-0.018365430438487942
2018-11-12,-0.019898150985467496,-0.02344063502575833,-0.02821011668331967,-0.020011847299679923
2018-11-13,-0.0014830188221738934,-0.003974039606597816,0.0,-0.002630541648400572
2018-11-14,-0.007596188818450545,-0.008179618512698595,-0.008994802921004108,-0.008146399800881584
2018-11-15,0.01053803274264194,0.00828952479549799,0.017039116089412196,0.01428014163973703
2018-11-16,0.002220837537483983,0.004889362168678649,-0.0015385327320372028,0.0022348798661342584
2018-11-19,-0.016783161235721437,-0.01569637893564762,-0.030737185316640953,-0.020496267894842036
2018-11-20,-0.018317995556585972,-0.022303450033565285,-0.017171632699517898,-0.018567091921420815
2018-11-21,0.0030386693107672014,-3.887862083096175e-05,0.009139153981611482,0.01303239926855857
2018-11-23,-0.006576419711855615,-0.0073328694828821124,-0.0047831978926308446,0.0002687469131705433
2018-11-26,0.015412975845366429,0.014482926728109259,0.020380399958705674,0.011540685311397418
2018-11-27,0.003256384364612641,0.004393305117685187,0.00012003171857734702,-0.008736809244454826
2018-11-28,0.022714051303113776,0.02465244050021552,0.029066389289646947,0.024822340353330377
2018-11-29,-0.002185494545393453,-0.001088243755644577,-0.0025417363646910753,-0.003265949098214797
2018-11-30,0.008137547716617559,0.007847197671566056,0.007869316922645475,0.005152597692306017
2018-12-03,0.010882001794362436,0.011212786150229321,0.015024565381903974,0.010180990406726926
2018-12-04,-0.03290022883855611,-0.03144032252395908,-0.03878304600426648,-0.045034996596152836
2018-12-06,-0.0015233879141442856,-0.0031776236179859767,0.004158399317293842,-0.002258138302850897
2018-12-07,-0.02359633545632224,-0.022650299093930997,-0.03094149209317898,-0.020045154747242153
2018-12-10,0.0017606032229163218,0.0014058184720431718,0.007329677184979998,-0.0034518625827392774
2018-12-11,-0.00035640967530566644,-0.0021732219298526098,0.001609703851287379,-0.002060169860675469
2018-12-12,0.005404871010351243,0.006422815290552144,0.009409739797904772,0.010492380125549752
2018-12-13,-0.00019995031241503897,0.0028544274685583584,-0.003949569834596789,-0.015665028970983298
2018-12-14,-0.019271212268699812,-0.020406975765450145,-0.02284199638844531,-0.015396692772444995
2018-12-17,-0.020992284828576645,-0.021283762350180584,-0.022970227614571542,-0.023429274486834063
2018-12-18,8.639685378910398e-05,0.0034974678168091917,0.004458712962559901,-0.0006968054182634173
2018-12-19,-0.015515459175936802,-0.014978395146767019,-0.02191920329965038,-0.020503924277392727
2018-12-20,-0.015897809484103957,-0.02009715938059521,-0.016471005628987238,-0.017367153117390104
2018-12-21,-0.02080312049854063,-0.01828682476170242,-0.03039093048481333,-0.025905855839666595
2018-12-24,-0.02748657287831441,-0.02953224679620719,-0.02236582406431099,-0.019672243170377662
2018-12-26,0.048403177670805035,0.04864331355883079,0.056723764750136206,0.048447326193869815
2018-12-27,0.008526228968816992,0.01131635470714985,0.0038268141596525447,0.001510268575013416
2018-12-28,-0.0012423539102312722,-0.003308137335139206,0.000764172209532057,0.004569814509546846
2018-12-31,0.008456625862206874,0.011427644913136198,0.007679392400735193,0.007921197906981148
2019-01-02,0.0012676930626261643,0.0008047057514990619,0.004610135188027707,0.005435440902984415
2019-01-03,-0.02506833181891511,-0.028678230656188543,-0.030840003413063557,-0.018670066123525796
2019-01-04,0.03375939906034647,0.03239439722432493,0.04171978412266962,0.0368240550806633
2019-01-07,0.006985975995229761,0.004181438140437605,0.01247742073715234,0.01767378003862284
2019-01-08,0.009648587336497393,0.010824539773874308,0.010718362847466868,0.014958366271183165
2019-01-09,0.004089671332822161,0.0038463031027507247,0.008673322865231559,0.008557447666278178
2019-01-10,0.004508241374462229,0.00512942295760655,0.004158283898455209,0.0045904685354552265
2019-01-11,-0.0001463085444824661,-0.0002487903426839478,-0.002090603188675801,0.0013481365369386324
2019-01-14,-0.00527139458724949,-0.003594950398376947,-0.009448534565961127,-0.010117436872187349
2019-01-15,0.010664618879761001,0.006492929743062935,0.01692966097108439,0.00862394686360192
2019-01-16,0.0022195205290883643,0.005865450730530056,0.0015449514495489678,0.006538121392456724
2019-01-17,0.007562730706235749,0.006708491379958746,0.0070500314846657745,0.00859024022479783
2019-01-18,0.01309691283985578,0.013703324797111215,0.010219384517698674,0.010339951433436653
2019-01-22,-0.014258476827972471,-0.0122935385923196,-0.019308552581686445,-0.017041552055434405
2019-01-23,0.002200489919450871,0.006988118427086196,0.0007703412345865474,-0.0021911129372644313
2019-01-24,0.001374780110977555,-0.0009110289993507903,0.006764925935189553,0.006955267419146155
2019-01-25,0.008452867700518018,0.007464321297931808,0.012838756110327301,0.0125134409346694
2019-01-28,-0.007877775848708898,-0.008483831839762321,-0.011112631817476794,-0.006298199663986327
2019-01-29,-0.0014573079351148383,0.002107194841734716,-0.008132432213352268,-0.0014194195895220049
2019-01-30,0.015429609891560045,0.017538508359252487,0.021784832765876307,0.010472001563625705
2019-01-31,0.008560648809767757,-0.0006074016413044851,0.01364160551103814,0.008358118413895546
2019-02-01,0.0008982065848071141,0.0025655681557314874,-0.0024571160296978757,0.0017524782687299123
2019-02-04,0.006753381117479676,0.006976853120389647,0.011452807845096613,0.010259754244516917
2019-02-05,0.0046973704373502,0.006797553133381183,0.00739548370868154,0.0017709978648965728
2019-02-06,-0.0022269157175087858,-0.0008353539736715597,-0.0036272138731508357,-0.0014547593695380591
2019-02-07,-0.009401193202230233,-0.00873313407799237,-0.011856642123861078,-0.008195448478924658
2019-02-08,0.0006759725660127,-0.0025140993241781705,0.00135057281614435,0.0005046512153480908
2019-02-11,0.0007088518038183947,-0.00212206211540529,0.0013281722557409628,0.008322974391973523
2019-02-12,0.012807852902838604,0.014764877534305708,0.014497801185621979,0.012593347957094004
2019-02-13,0.0030194315937109753,0.004611034404624448,0.0007765104030215458,0.0030572572922109302
2019-02-14,-0.0026551633836986214,-0.004075073748001527,0.0008850497556546418,0.0014054463846020213
2019-02-15,0.010820004664957538,0.017297256581165207,0.006102289082795742,0.015502702469721772
2019-02-19,0.0014976213265920058,0.0003117481233220176,0.0019198736191796573,0.0033208908866316144
2019-02-20,0.00177553356074094,0.0024348827018690618,0.00030713532323710325,0.00455626092965301
2019-02-21,-0.0035326693258413886,-0.004007666896939788,-0.0039280665652146555,-0.003870501372170809
2019-02-22,0.006390638694710404,0.006984267474077932,0.009051766169176747,0.009167339559623549
2019-02-25,0.0012311044497517107,0.0023075349449283747,0.0035698117574532147,-0.0007864429928531908
2019-02-26,-0.0007907696728402984,-0.0013027344430809231,-0.0006832942963663161,-0.00715672054325626
2019-02-27,-0.0005441974362980739,-0.0027984613975690037,0.0006898870274924959,0.0022605894809253806
2019-02-28,-0.002829507598950442,-0.0026650732652842473,-0.0029137586529924936,-0.0034847655044394055
2019-03-01,0.006871656588713028,0.004247807095253574,0.008305284558913564,0.008903136057355753
2019-03-04,-0.003888107395255168,-0.007972500610785636,-0.002343686207766131,-0.008973023567161198
2019-03-05,-0.001132173489706859,-0.0005043761127384688,-0.0001596893960870817,-0.004555065054109091
2019-03-06,-0.00654547360412503,-0.0051736589532170325,-0.009340823081353283,-0.02026418460239693
2019-03-07,-0.008158911138331157,-0.007829694791840232,-0.011316234048727796,-0.008619662652717195
2019-03-08,-0.0021339641314536495,-0.0009029327977662835,-0.001796383950066561,-0.0011492329278156676
2019-03-11,0.014559535563489445,0.007852730106607394,0.020035137147738583,0.017585676338478882
2019-03-12,0.002948965727805163,-0.0037582189142014795,0.004352707516611882,0.0006131268906152997
2019-03-13,0.0069255467570192835,0.0057837676481700675,0.006876600348556077,0.003896085956043001
2019-03-14,-0.0008683993315961826,0.0002742050246388697,-0.001636734405823722,-0.0040186497545524474
2019-03-15,0.0049725194084307206,0.005389186737923183,0.007522455238329687,0.0025135676305785026
2019-03-18,0.0036990967989080333,0.0025203540235377016,0.003369499891196651,0.006665695457876909
2019-03-19,-0.00013057007992675946,-0.0010315825774725822,0.001226836656803406,-0.005732809969646508
2019-03-20,-0.002948696740769673,-0.005489169870065825,0.0006497179270455389,-0.007636824205453973
2019-03-21,0.010794015494689354,0.008387110749881913,0.014130533089684925,0.012397238589022539
2019-03-22,-0.019156827134273257,-0.017884124673776647,-0.025359159175434083,-0.03682548654722556
2019-03-25,-0.000839372833310059,0.0005687968500103467,-0.0006714414289255697,0.0045978531492222
2019-03-26,0.007157052947934055,0.005506671485507339,0.0070428589082249925,0.010069080409370329
2019-03-27,-0.00465514327659887,-0.0012534535210388367,-0.0062785274328739996,-0.0038946177139276474
2019-03-28,0.0035830547152617266,0.00357871962819733,0.00336848712689225,0.00841915744995318
2019-03-29,0.006711706043324668,0.008179504801822085,0.007812481518906644,0.0030180550676068446
2019-04-01,0.011502195518044496,0.012637016617699086,0.012802445061177807,0.010543458418541485
2019-04-02,1.7455554858152623e-05,-0.0030241352521681443,0.002523319325419172,-0.0017624819158129396
2019-04-03,0.002146072420089187,0.0014886276848350558,0.00595265346648279,0.004874465255845321
2019-04-04,0.0020824652429942735,0.006330487244431495,-0.0004776006710264243,0.004206601269849726
2019-04-05,0.004625717623099122,0.00152848598500197,0.005926582643182982,0.009568218344896816
2019-04-08,0.0010469117505236662,-0.003182760052653913,0.0019115783287113528,-0.002252090760550398
2019-04-09,-0.0060859764356695385,-0.00725602915871925,-0.00562311873661748,-0.01231102882170378
2019-04-10,0.003471837754499924,0.00025159099323444163,0.006924824333652936,0.013924703240445742
2019-04-11,3.8122340342693696e-05,-0.0005395532862822755,-0.002121769944313565,-0.0015250053617148894
2019-04-12,0.0065875783895457275,0.01024642962852405,0.0046198176162883,0.003577842881947217
2019-04-15,-0.0006295672443571088,-0.0010429083406494656,-0.0010213414234804842,-0.0035588268282230446
2019-04-16,0.0005092283251399622,0.002569794282693483,0.003032031790185138,0.002289716886824702
2019-04-17,-0.0022764008207388597,-0.00011799485842606116,-0.0005188574642089053,-0.009643365501907666
2019-04-18,0.0015778468242496745,0.00415023847921385,0.00024758823693415245,-0.001180829345788136
2019-04-22,0.0010115058169329091,-0.0018273132024693337,0.0021494551701109537,-0.0036534554256022417
2019-04-23,0.008802351174995391,0.005467263495655592,0.013082637882782815,0.015929679490542647
2019-04-24,-0.0021941686030362366,-0.002228583420816346,-0.002318962535970844,0.0019160600403616368
2019-04-25,-0.0003690417402728576,-0.005087568984391514,0.002055450919248558,-0.007914736942683936
2019-04-26,0.004674350323304823,0.0030657271926544114,0.0034084988535381315,0.009028646942244747
2019-04-29,0.0010709485042338864,0.0004166109915271212,0.0018947710434763067,0.005306957881080164
2019-04-30,0.0009509646987914453,0.0014495388261839938,-0.008176090186001683,-0.004483385855271347
2019-05-01,-0.00753044585029134,-0.0061395955210503,-0.005667393827094567,-0.009363626333588516
2019-05-02,-0.0021262446486827887,-0.004639991851753267,-0.0016001233101155714,0.003969590479670346
2019-05-03,0.00959212747891747,0.00746642111720921,0.015706981339672476,0.019627300745569096
2019-05-06,-0.004481013189072523,-0.0025109361186085367,-0.004998995611691835,0.0005945871574987339
2019-05-07,-0.016649488088905522,-0.018067604930147682,-0.01983402862848363,-0.02043671893581613
2019-05-08,-0.0016067153894199682,8.627498505785077e-05,-0.002569918952175665,-0.004649635791795149
2019-05-09,-0.0030259986619282898,-0.005366123631800127,-0.004128953381632481,-0.003122333365670547
2019-05-10,0.003713394069918638,0.0044044174458856365,0.0008024117576354412,0.0018643880586036556
2019-05-13,-0.024426469138497504,-0.02408584175359968,-0.03468872811374895,-0.03229618665550402
2019-05-14,0.007983987523216093,0.00814289179486561,0.011373546070427369,0.013085421972822076
2019-05-15,0.005821994327723055,0.004531801061031077,0.011269862258100203,0.0033706952920695126
2019-05-16,0.008855957116499086,0.008334633469869547,0.009656428485821406,0.005776826105975022
2019-05-17,-0.005854437174043804,-0.003822822163751256,-0.010407158268862267,-0.013889638407891506
2019-05-20,-0.006772257975405369,-0.0032695687401496933,-0.014679353767466347,-0.0070572242842474415
2019-05-21,0.008459949093190606,0.007658698915163545,0.010761957357637741,0.013217554965493237
2019-05-22,-0.0028283923638994365,-0.003899831526647907,-0.004490109723692007,-0.008853178580464747
2019-05-23,-0.01198569224128196,-0.011162782927763319,-0.015938838659661676,-0.019947842557016433
2019-05-24,0.0013526437720373175,0.0037285050410062644,0.0011437688609085457,0.008443109499576763
2019-05-28,-0.008410950000260244,-0.009342450213077056,-0.003891236583184043,-0.0066862616217377956
2019-05-29,-0.00693591016723137,-0.008771248807029524,-0.007923681900655634,-0.009399006721919614
2019-05-30,0.002096272674997037,0.0017285852722510398,0.002700645421923486,-0.0029708989171180742
2019-05-31,-0.013283205250452958,-0.01419819251153203,-0.015255112850742032,-0.013581979786452819
2019-06-03,-0.002769070654307939,0.00019100440159115818,-0.016249309549947098,0.003059131097054846
2019-06-04,0.021205927081077776,0.020434624341533054,0.026125074932523477,0.02590681030820984
2019-06-05,0.008128726978813691,0.008153514433424885,0.006404199045652896,-0.0011740061201688087
2019-06-06,0.006116840676004416,0.007065539715880196,0.005275470816131185,-0.004989897385963191
2019-06-07,0.010442979247260026,0.01018406773735155,0.016480797282314514,0.010021038517534397
2019-06-10,0.004649220074765499,0.0030257602030192283,0.010416852029554056,0.006037012837473708
2019-06-11,-0.0003499414579512858,-0.0005438341505132268,-7.671067859787108e-05,-0.0029251127141111423
2019-06-12,-0.002039657827237423,-0.0016782668656185988,-0.003823130490430538,0.000447565709188287
2019-06-13,0.004089010502850191,0.0039123567081961715,0.0056826888551269935,0.010479256586258324
2019-06-14,-0.0016128117861529605,-0.0006575228867530203,-0.005177224058406514,-0.008697729105674266
2019-06-17,0.0009313154323528439,0.0008781220053782857,0.006183481163924349,0.0067097870587451165
2019-06-18,0.009670489592970687,0.013428225155583623,0.013780907123609843,0.011339786760055986
2019-06-19,0.0029807167930238428,0.0014521910116557456,0.004195417041413874,0.003445143770454699
2019-06-20,0.00942760533587314,0.009357303075979288,0.00798325556730158,0.005072057551471891
2019-06-21,-0.0012600162797279978,-0.00127314765216818,-0.0024410659418996517,-0.008904299833643022
2019-06-24,-0.0017333884605870258,0.0003146389927251564,-0.0032436394874329377,-0.012696203010829387
2019-06-25,-0.009541775640387554,-0.006731730803361348,-0.015227075799194738,-0.005925655797535506
2019-06-26,-0.0012346956788039985,-0.00042951425042348597,0.0031972796962940323,0.0005586560276053735
2019-06-27,0.0038158857925908473,-0.0003859622424020214,0.007279353665325068,0.01607368213455687
2019-06-28,0.005740941840599626,0.00276249515359349,0.004817896980649358,0.012861806468098497
2019-07-01,0.007643018610953927,0.0044064024398463375,0.010550860088116325,0.0
2019-07-02,0.002923847276988696,0.0025885876609496555,0.0022135084113789004,-0.0038565414893177094
2019-07-03,0.007643095660684157,0.006672075839549296,0.007511422448441609,0.007393083623986689
2019-07-05,-0.0018075342045486649,-0.0016285915995432642,-0.0010335454092590523,0.00222381864655776
2019-07-08,-0.004847173010123794,-0.0043172325427860625,-0.007799485245406705,-0.009072382955687481
2019-07-09,0.0012357930584538906,-0.00084532741168631,0.005338658541381367,0.000768219539427752
2019-07-10,0.004500546936082614,0.0028599463400987442,0.007439990857079314,0.001573124466770789
2019-07-11,0.002282619578948549,0.008448173609833558,-0.0007915610434568207,-0.004566177106642643
2019-07-12,0.004609534302066538,0.00896546719933539,0.00585148672739864,0.007723992904225641
2019-07-15,0.00017585372838413283,0.00099214743258753,0.0017028849355057013,-0.005223845848768696
2019-07-16,-0.003409584555010327,-0.0008603853452796297,-0.004294727306320685,0.00011527790604631504
2019-07-17,-0.006552665466093182,-0.004244538690977825,-0.004581897506117472,-0.007209002363828443
2019-07-18,0.0035755977088190827,0.00011465584389283505,0.0026878576952559814,0.0031161277998415717
2019-07-19,-0.006195889464844692,-0.002529426269901429,-0.0074295316968085315,-0.004974987483435614
2019-07-22,0.002824701686250326,0.0006516636618016326,0.007051673649949459,-0.0020176650163955556
2019-07-23,0.00682414513927642,0.00650352690639377,0.005744068200728522,0.006568272352773021
2019-07-24,0.004677192813475714,-0.002900769814914384,0.008459596784809413,0.01624086559871695
2019-07-25,-0.005276296483599537,-0.0047413424408877854,-0.010019378546870392,-0.012075816840967027
2019-07-26,0.007360535770783042,0.001894552421626212,0.011065512757984943,0.01115787170770613
2019-07-29,-0.0016174219290574364,0.00106224501743758,-0.004437074562010005,-0.006315104472946397
2019-07-30,-0.0025819853720443708,-0.000857418228939922,-0.002380612878926606,0.01050525649726224
2019-07-31,-0.01094520695213996,-0.012347025838750707,-0.011938891760508968,-0.006955255931800828
2019-08-01,-0.009039527568806017,-0.010509423220467119,-0.0078961079045728,-0.015262473624141506
2019-08-02,-0.007309388539565105,-0.003708806521471685,-0.013285833800793255,-0.0110880817392651
2019-08-05,-0.030230182169694777,-0.02939786845960884,-0.035353693738982304,-0.03062068251616833
2019-08-06,0.012933023911166613,0.012050225307138163,0.01378360322634235,0.009821073513730723
2019-08-07,0.0007665823338588767,-0.0008628244168241046,0.0037665526286156134,-0.0009324856025178226
2019-08-08,0.018588462466865085,0.014169075467846244,0.022178017091956055,0.020733964006051712
2019-08-09,-0.006638593133657111,-0.0034462738489215985,-0.010003648560777147,-0.012538029486819606
2019-08-12,-0.012393809115915354,-0.014985751365997283,-0.012100596527620881,-0.011392849096360952
2019-08-13,0.015018346267301863,0.01469928849570087,0.01926406199027027,0.009765605226676383
2019-08-14,-0.02973035245453567,-0.03093371047126947,-0.030707329630179227,-0.028919739389240258
2019-08-15,0.0024612366981802422,0.003915909117465669,-0.000942028438159659,-0.004007963270806273
2019-08-16,0.014323058172245003,0.011915685730441281,0.016519986958721585,0.021650152340397643
2019-08-19,0.012033175564397505,0.009602944226482316,0.013437671978509216,0.010131651459786546
2019-08-20,-0.007946215312115467,-0.006654746391778338,-0.006801949771651697,-0.007210187926508786
2019-08-21,0.008212979557352937,0.0092127645914479,0.008973813647767484,0.007872724815073284
2019-08-22,-0.00050620295927854,0.0018877059566868334,-0.0035998719885788465,-0.0025531625966061207
2019-08-23,-0.02628888112283785,-0.024030691416490366,-0.030443522309927168,-0.031370076441791676
2019-08-26,0.01092311273079789,0.010477160714896055,0.013068674394328765,0.01124867324237071
2019-08-27,-0.0032083218005562386,-0.004680246104854854,-0.0034169496870453155,-0.013615277425774275
2019-08-28,0.006524151530562512,0.009966470683678973,0.003816634544279108,0.011383765699390315
2019-08-29,0.012607482441094399,0.012449041057226048,0.014720198402540755,0.016171813169077176
2019-08-30,0.0006425807598767749,0.001555155636298027,-0.0013190358116709343,-0.0012568727822240384
2019-09-03,-0.0069230093326854165,-0.010862738622886652,-0.01120419654856244,-0.015206915330812294
2019-09-04,0.010783725278421427,0.009050390648909607,0.012960810676482627,0.008440910101051318
2019-09-05,0.01292591292175976,0.01404146149076625,0.01739235061076306,0.01735306665054169
2019-09-06,0.0009101908043767861,0.0025898101448891615,-0.0016967129624993586,-0.0037003384309558787
2019-09-09,-9.401467889992668e-05,0.0014188598546525707,-0.0019307468256603043,0.012583473870131475
2019-09-10,0.0003222524259310153,0.0027507694394367627,-0.00040562284268875267,0.011337963663230963
2019-09-11,0.0072036723263872,0.008422778615294823,0.010523151078954478,0.021878624199108142
2019-09-12,0.0028750162782333164,0.0016719659284506333,0.0030297412198996153,-0.0004062579272974519
2019-09-13,-0.0007246768769660504,0.0013628300258003013,-0.002169638710314777,0.0019472660352526847
2019-09-16,-0.0031405129163559896,-0.005256322901791609,-0.0028376708773890907,0.004085046472921307
2019-09-17,0.0025784253724619854,0.0012541784458624595,0.003975630082183823,-0.003989986920437941
2019-09-18,0.00034263328426719085,0.0013372915310015834,-0.0010547781336773165,-0.006324293857805881
2019-09-19,1.9974521929475905e-05,-0.001928068949413747,0.0006711070530299582,-0.004390046865478383
2019-09-20,-0.004907599104880387,-0.00591225729964408,-0.008000995008322107,-0.0010956969651547373
2019-09-23,-9.694061782751375e-05,0.0005537684139112579,-0.0006420110195137675,-0.0009685728262223486
2019-09-24,-0.00845198896355148,-0.005291181609983433,-0.014756186696055464,-0.015952026871266727
2019-09-25,0.0061396852419639035,0.006059743727857507,0.010422588172031753,0.01106284377404845
2019-09-26,-0.002431871009613191,-0.0029554084847106497,-0.005800812197732245,-0.011232401358120588
2019-09-27,-0.005330534579128577,-0.0026388894152231546,-0.011400075901401402,-0.008415750616066215
2019-09-30,0.005034910215248393,0.003594545218132295,0.007492358826448481,0.0018989211295191136
2019-10-01,-0.012334126945412846,-0.012854611729943854,-0.011398106033724459,-0.019849458993513504
2019-10-02,-0.01806540418764383,-0.018781344105433546,-0.015729994901695184,-0.009283463950586412
2019-10-03,0.007940304773866787,0.004683280259922473,0.011114240079303,0.0045313739445299196
2019-10-04,0.014116785239259274,0.014123715103576299,0.01390275640552845,0.00960819961753977
2019-10-07,-0.00448835227368152,-0.0036078468024049203,-0.00328509857838617,-0.0019409189507801714
2019-10-08,-0.01568315955210993,-0.011929024071477768,-0.01679502944726602,-0.016961185058530063
2019-10-09,0.009063296514845923,0.006930918391391427,0.01016830855394172,0.004647600554966813
2019-10-10,0.0063952024117826045,0.005702230294618108,0.00593391521791813,0.00398002732663832
2019-10-11,0.010879579673789056,0.012001658250588063,0.013276238218730554,0.01770999689675126
2019-10-14,-0.0013880816732189801,-0.001090608885103207,-0.001041884887669971,-0.004288546795817161
2019-10-15,0.009906445376489171,0.008824880715585052,0.012355264352186026,0.01180045885855707
2019-10-16,-0.002001544553193733,-0.0008447778427348906,-0.003014806039927553,0.0011547257536306862
2019-10-17,0.002759021969775287,0.0008847432267915612,0.004013255325415509,0.010942694272219377
2019-10-18,-0.003927045709799847,-0.009505657865069033,-0.008286203046843028,-0.004133463219859987
2019-10-21,0.006848114105333746,0.0021434232576984587,0.009038678179387092,0.01096556112711455
2019-10-22,-0.003575049258376838,-0.0014749781545794851,-0.007215791223046239,-0.0009925235069899005
2019-10-23,0.002843103345830729,0.001710103270977745,0.001909535663455155,0.0012823219285080431
2019-10-24,0.0019186046591713529,-0.0010596644606113903,0.00809662537386103,-0.0028181263280421813
2019-10-25,0.004064429510656049,0.005674162000188972,0.006978005293321289,0.006578274792972733
2019-10-28,0.0055658199161177,0.0049089144872225664,0.010003048616786143,0.008445666888008687
2019-10-29,-0.0008327519564807664,-0.00071118872443411,-0.005919561828936592,0.0032644630947327676
2019-10-30,0.0032480894008573105,0.004247424139161224,0.0032725603556233293,-0.0026794161962730846
2019-10-31,-0.0030274386345390905,-0.005179853809473682,-0.001400323024471336,-0.006634173955306928
2019-11-01,0.009615930559647514,0.011072333470039037,0.011276741367460671,0.017057445261682267
2019-11-04,0.0036972458053124275,0.004187238821174275,0.005564927089038472,0.005064806657686034
2019-11-05,-0.0011864027118206639,0.0011107863446562281,0.0001754212386587244,0.0013825175915940316
2019-11-06,0.0007022505922896238,-2.557506783274348e-06,-0.0028553729959383727,-0.006315149603295198
2019-11-07,0.002726375244280665,0.006606837553604527,0.00283638498732845,0.0027956099230195207
2019-11-08,0.002557403145115828,0.0002326558415630322,0.00482442701620296,0.0030505654390816012
2019-11-11,-0.0019643954133371925,0.0003702183378100131,-0.0013021919108158375,-0.0025613286761740767
2019-11-12,0.0015634233012630327,0.0,0.0025733458558323285,0.0002194279964103141
2019-11-13,0.0007112815701162954,0.0033203987758888593,-0.00047031941263694395,-0.003730771726805042
2019-11-14,0.0008366926144567594,-5.8630076641487366e-05,-0.00036319279798935583,-0.00024544891173298484
2019-11-15,0.007666028777973181,0.007992237163662505,0.007263380116360165,0.00480963877071122
2019-11-18,0.0005030263228096366,0.001118110638654496,0.0010661137157317857,-0.002577772593632049
2019-11-19,-0.0005927700996925261,-0.0036519866641682745,0.0024204450742405866,0.003729721171438439
2019-11-20,-0.0037632564209410676,-0.004050923518832368,-0.005138770603571181,-0.00418825883235332
2019-11-21,-0.0015840060861895076,-0.001971699334701138,-0.0024095097173930805,-0.004818057446200025
2019-11-22,0.002172573942375937,0.003929779633943446,0.001605762090737615,0.0031390744815977824
2019-11-25,0.0074792518874672075,0.006823209625380523,0.013130776538301078,0.020531226195824575
2019-11-26,0.0021931636449402277,0.001965147518057528,0.001786930792554682,0.0014355287380989827
2019-11-27,0.0041657356252997445,0.0015037686569637808,0.006598265068343938,0.0060583338328687435
2019-11-29,-0.004019286229989053,-0.0040056630017347595,-0.004572083537637643,-0.005892103008210996
2019-12-02,-0.008668483693963605,-0.00961317481422413,-0.011312937975991403,-0.01047016085351045
2019-12-03,-0.006660225258045148,-0.01013752768609526,-0.005541779235127626,-0.003083882459452325
2019-12-04,0.006303657608769993,0.005329544751817349,0.0053876690875585805,0.007007592372954574
2019-12-05,0.0014991269266302707,0.0010125067429663497,0.0004703491240769736,0.0005760355755758141
2019-12-06,0.009094246030426013,0.012111989595886908,0.009964548679817702,0.011703390744330076
2019-12-09,-0.003167833684474369,-0.0037715405767773237,-0.0040166128334494155,-0.0025861956976400784
2019-12-10,-0.0010975361689841293,-0.0009993994913293715,-0.000655573457051218,0.0012816649247802782
2019-12-11,0.0029039375293507703,0.001060350563906874,0.004385602160358097,0.00013487564362697036
2019-12-12,0.008538667375555057,0.007877870809123921,0.007284490188919363,0.007861515272496454
2019-12-13,7.25791502146863e-05,0.00011836609675584034,0.002012305158251767,-0.004161148230039809
2019-12-16,0.007122360942542787,0.00356599627746357,0.009043321870158121,0.007275124682157818
2019-12-17,0.0003352360284609262,0.0011068264106066446,0.001035275590749401,0.004607788764833184
2019-12-18,-0.0004323936405227425,-0.0009868206847715587,0.0004962730659278205,0.002512539741693625
2019-12-19,0.004449378821864254,0.004863689692757557,0.0067151961767694555,0.003220354402023034
2019-12-20,0.004932595804334098,0.002749468104508876,0.004237582543243408,0.002881147853201557
2019-12-23,0.0008657687142985109,0.0033834507844861354,0.002315582794935925,0.0013388904752168447
2019-12-24,-0.00019546730246814044,-0.0012644819778757452,0.0008078308632286349,0.0023089639833233466
2019-12-26,0.005115062410053991,0.0037083439667614654,0.007733971607721815,-0.00020262111764772877
2019-12-27,3.3984139657930306e-05,0.0008336140439307764,-0.0017493512374261691,-0.005163315298323219
2019-12-30,-0.005797596079349905,-0.00641317121753067,-0.006754462123731196,-0.002928139668988614
2019-12-31,0.002941690644190719,0.0026771262183622586,0.002970032217081912,0.002592524029134184
2020-01-02,0.008343895362316707,0.011509522968102454,0.01324040491523017,-0.0010193877046697447
2020-01-03,-0.007084909364954553,-0.008135869061216062,-0.007886206201894253,-0.003546075038555788
2020-01-06,0.003527145194272564,0.0023893306331575813,0.00560464929813982,0.0014379792948911276
2020-01-07,-0.0028071750845948405,-0.004179001154461909,-0.0003185932225164833,-0.0029804909933183986
2020-01-08,0.004890473485641129,0.005631049962478505,0.006666774358978516,0.003178850437351532
2020-01-09,0.006633214116906491,0.007341566464915119,0.008093731948921294,0.0008412142806275926
2020-01-10,-0.0028592624875049015,-0.004608153389080977,-0.0026731544890028105,-0.004424198640162696
2020-01-13,0.006951994045933256,0.0028851593419118504,0.010304152044722969,0.007195144544974844
2020-01-14,-0.0015156808368957204,0.001127778504497159,-0.002439870843610679,0.003664795485324507
2020-01-15,0.0018684502436879626,0.003124065059293531,0.0007963377118361008,0.003966506984576053
2020-01-16,0.008331747422232019,0.0091696074412238,0.010574935886487256,0.01347275757109545
2020-01-17,0.003854723247485144,0.0017208068863941311,0.0033938395490808416,-0.0032776449393679243
2020-01-21,-0.002655500369585384,-0.005194743394477503,-0.0019329537995132332,-0.00811691222858833
2020-01-22,0.00028903429668107475,-0.0003346743757314431,0.0013820585287682805,-0.0008545458470044712
2020-01-23,0.001140326193358241,-0.0008973889557916881,0.0019919828264902454,0.00032648982646736895
2020-01-24,-0.009083289426193788,-0.005859342693783216,-0.009357175174791791,-0.013611441706883325
2020-01-27,-0.015855752356844034,-0.015782178784170462,-0.01903151568560962,-0.010942602524947694
2020-01-28,0.010003383500352516,0.006533492921002163,0.01416398205332688,0.008581586756537123
2020-01-29,-0.0008672501435846315,0.0004037645266717234,0.0005910505516059476,-0.005496615720191214
2020-01-30,0.0031294569302110597,0.0043404060216382925,0.0025594303059273717,-0.0006065311565494571
2020-01-31,-0.01786444357136295,-0.02113026893013388,-0.0160426529637304,-0.02094311976829741
2020-02-03,0.007228425761232584,0.005075613001905994,0.013293475790294685,0.011182120622048144
2020-02-04,0.014869315917506062,0.014257838180832467,0.02076436520151893,0.014935034727339317
2020-02-05,0.011187778658972936,0.016634854784824155,0.004290538598330176,0.015066088592547933
2020-02-06,0.003320155057001924,0.003031159079617996,0.006652848641086346,-0.0026553028367517356
2020-02-07,-0.005415491009458352,-0.009481909605638938,-0.005409487259016194,-0.01240474403892009
2020-02-10,0.007299690120573207,0.0059716706117254265,0.01126759526329323,0.006551491741668109
2020-02-11,0.0016870486860021178,-1.6411368702503054e-05,0.0010951992063065923,0.005883087931290914
2020-02-12,0.006441853105203067,0.009352118256477412,0.00898740662053927,0.007051043689634626
2020-02-13,-0.0016317763599886593,-0.004344558270603129,-0.0014394780736095318,0.0025774951947580838
2020-02-14,0.0018418360984854144,-0.00085786718162397,0.001976013944968778,-0.0036435717958605606
2020-02-18,-0.0029242139861477136,-0.005658888114253149,0.00016035278449633917,-0.0024086728460855538
2020-02-19,0.004694748284284925,0.003954918476340326,0.00863839632568898,0.0053612009904156245
2020-02-20,-0.0038228174279975285,-0.004372661207495149,-0.006767141052087833,0.002065726282850435
2020-02-21,-0.010573809232819777,-0.007818660919582502,-0.01804517679251584,-0.010347717167283907
2020-02-24,-0.03408807942044074,-0.036230519781666824,-0.03780767618713989,-0.030552385507823982
2020-02-25,-0.030747904375353224,-0.03195791193033846,-0.028117699877271,-0.035128581476282686
2020-02-26,-0.00378569732353003,-0.004580760709244994,0.0016905823354723237,-0.01225109537111005
2020-02-27,-0.045168136352261155,-0.045184228308842805,-0.047229800845702434,-0.035989903219627015
2020-02-28,-0.008272463109653077,-0.01396307076868874,0.00010384687713207947,-0.01441704765013151
2020-03-02,0.0450108687694132,0.04967032846464836,0.04393513756355843,0.028089365561927444
2020-03-03,-0.02851048492291458,-0.029872964267297415,-0.03040335441489717,-0.021574662528693
2020-03-04,0.041336349360633136,0.04428142887362915,0.037739944805450905,0.029909958751772627
2020-03-05,-0.034510782439981125,-0.036446097670327075,-0.03148371112150072,-0.03480727367969609
2020-03-06,-0.01720094365238617,-0.00986811035204928,-0.018825524230783725,-0.020218975702482597
2020-03-09,-0.07901041294037148,-0.08105520646976173,-0.07566582560192374,-0.09837585543866648
2020-03-10,0.048215052425859106,0.047775003350672494,0.04831519719020057,0.02812145005903014
2020-03-11,-0.05010289280860541,-0.06033939608365496,-0.04814294639913276,-0.06625240710954723
2020-03-12,-0.09994485240247351,-0.10523218533124404,-0.09909876484232598,-0.11857725934831777
2020-03-13,0.08880840694923595,0.08950183585054658,0.08934696396191795,0.07478640728100121
2020-03-16,-0.12765219747281742,-0.1384181190449132,-0.13149154641354951,-0.1539908918129106
2020-03-17,0.05822631263569171,0.05064877426110395,0.06044100346504696,0.06447402272322056
2020-03-18,-0.053222272332080246,-0.06509742208988918,-0.048169744883439794,-0.11009025850097101
2020-03-19,0.004696760970401053,0.009416816261771883,0.022735839435527472,0.06596829868571122
2020-03-20,-0.04432762405336681,-0.04652809521431456,-0.03864459831419054,-0.043294534514222736
2020-03-23,-0.02973150100957679,-0.030826577228480492,-0.0027437916888404575,-0.01139728351457411
2020-03-24,0.08968323251796326,0.1076432789646575,0.07808549422695203,0.08976265458668446
2020-03-25,0.011468990420822226,0.02365628382966612,-0.004534489135443038,0.012533485174884127
2020-03-26,0.06054383107424656,0.06180412686517252,0.054452206034325344,0.06109225393155214
2020-03-27,-0.0342678455416263,-0.04143667656462354,-0.038588016429585224,-0.04180840545569396
2020-03-30,0.032966590569974794,0.03142361592478038,0.03558382685242369,0.02299349592858279
2020-03-31,-0.016142310788415843,-0.018548329042207157,-0.009570786297645892,-0.004516686498952211
2020-04-01,-0.04514636273278691,-0.04544109679013243,-0.04509458387307495,-0.07293722148530545
2020-04-02,0.022572657056960366,0.022189934758055054,0.017070850721613982,0.012809581072117021
2020-04-03,-0.015252860825944299,-0.016998027207870168,-0.01537405537456306,-0.03158561809365432
2020-04-06,0.06796824414483035,0.07446233874504371,0.07070179567744019,0.07921685153219626
2020-04-07,-0.001604339048362459,-0.0011528190301125277,-0.0032885658256597,0.00034242598802287574
2020-04-08,0.033489371191284686,0.033839393760102754,0.02549119147122901,0.04504735610326957
2020-04-09,0.014383470303699339,0.012122354674438864,0.007717142922286236,0.0451767862019675
2020-04-13,-0.01015605944467711,-0.01395049761519231,0.0047522227878787,-0.02821918530942394
2020-04-14,0.03011455957230757,0.023616813078194996,0.03870691634419553,0.020650874138878044
2020-04-15,-0.022276732672369248,-0.018772799360022355,-0.01449680924053312,-0.04407416883946971
2020-04-16,0.0057998378395412884,0.001417034264906157,0.01644660093364213,-0.004987173953655325
2020-04-17,0.026440932021320578,0.029504360317049515,0.013709430126289494,0.042387720398102124
2020-04-20,-0.018042845615347775,-0.024725192072919067,-0.010389943494343324,-0.012897065346702015
2020-04-21,-0.031155115236330667,-0.027066910194101124,-0.03536991266150571,-0.023566416799982434
2020-04-22,0.02267130058213675,0.019656182474562425,0.027706863538931873,0.01376874594189172
2020-04-23,-0.0005395676601955963,0.0016785935679735286,-7.414690966266654e-05,0.010382724901757423
2020-04-24,0.013822090566839217,0.010996382976755628,0.01631974242637881,0.015520651387493842
2020-04-27,0.014606868181735996,0.014966544587120425,0.011015647145940062,0.03883693972243643
2020-04-28,-0.005256170190483643,-0.0013363035090126177,-0.014123023973882471,0.012558461628203546
2020-04-29,0.02623670404507307,0.021845707733392422,0.03504202574609027,0.04715715855971523
2020-04-30,-0.009255143319054839,-0.01176580098993184,-0.00282630935849451,-0.03751252115813621
2020-05-01,-0.028460211014775954,-0.025881989036731813,-0.03253876583189108,-0.03903826790679525
2020-05-04,0.0042408225788494016,0.0010983113950942798,0.012215656788142112,0.0027649527820179706
2020-05-05,0.008999935197779802,0.005598255298059444,0.01123426321224527,0.007519337362830961
2020-05-06,-0.007003880399042588,-0.009188693281654997,0.005125779753495446,-0.008279106724755163
2020-05-07,0.011438955754890805,0.008887212021633518,0.01404869555944823,0.015648797659619122
2020-05-08,0.016730795065226244,0.01889523283871135,0.015652527632974287,0.035761673534202704
2020-05-11,0.0001330693667907644,-0.0045035142475883675,0.007755946834984667,-0.006337557727169433
2020-05-12,-0.020713365772047604,-0.019056284801973588,-0.020862662707353558,-0.03520103320888812
2020-05-13,-0.017616996624280044,-0.021986776487015986,-0.01560336922099055,-0.033716687851462264
2020-05-14,0.01145891780407149,0.016102011558894905,0.00904709982416418,0.0034806970086562763
2020-05-15,0.003918675203723029,0.002539807465311765,0.007889420809050467,0.015586308217560435
2020-05-18,0.031015208770073424,0.03777982605389903,0.024141213456802212,0.05922952638854654
2020-05-19,-0.010539747711599283,-0.01600345346863079,-0.0053996503160462965,-0.01966435230844308
2020-05-20,0.0165139906134157,0.015130265593643543,0.020547234163804128,0.0295428281815903
2020-05-21,-0.007803968309953686,-0.004150106240829962,-0.009742539531042435,0.00046762457313604376
2020-05-22,0.002350945686812366,-0.0003661265390007431,0.004267721949334718,0.005896950186364098
2020-05-26,0.01221428502146052,0.021430109669762377,0.001674797313847317,0.027317362856469272
2020-05-27,0.014718447490314346,0.021889404906686134,0.007693979236640572,0.030602219151880612
2020-05-28,-0.0021101393249195488,-0.00579519047469245,-0.0046184318938187014,-0.025161400441976775
2020-05-29,0.004800793552307952,-0.0006904275756089639,0.012819601611818478,-0.004744690593172673
2020-06-01,0.003744216478364391,0.003614378203997803,0.006530844448660929,0.00809457548546096
2020-06-02,0.008177307282398658,0.010450818854394665,0.005879851478662662,0.00909487567324494
2020-06-03,0.01355667081256392,0.02027427554838888,0.007726869908895607,0.023608388903484285
2020-06-04,-0.003374389083608904,0.0004540171001896102,-0.006953917906105185,-2.0596199447087227e-05
2020-06-05,0.025874012821635813,0.031061371875267082,0.02040952303844324,0.03723718817578693
2020-06-08,0.011969656405806002,0.016877874110682298,0.011213540124008055,0.01954043714612672
2020-06-09,-0.007829743419721978,-0.01094513956571767,0.0029177272503861356,-0.019606773542878736
2020-06-10,-0.005327255735182077,-0.010405498508697835,0.006668621613708711,-0.026668807511346797
2020-06-11,-0.06075269299628893,-0.07147654074027435,-0.05409169433805573,-0.07878392583829577
2020-06-12,0.012976286605211731,0.018819173244141018,0.01007045692808463,0.022931930015114985
2020-06-15,0.00827786081817526,0.006136872875128756,0.014207971334584998,0.022748849025000104
2020-06-16,0.018784852866710527,0.02024232524093697,0.01731279009726497,0.02273879477341659
2020-06-17,-0.0036067962326294138,-0.006501546544867612,0.0014803456093067826,-0.017876027976332337
2020-06-18,0.0005940434038017573,-0.001513792852054902,0.003275939171144618,0.0005605928692139305
2020-06-19,-0.005665513565673728,-0.008032089560422711,0.00030874214825953055,-0.006113914736387448
2020-06-22,0.006474093296658384,0.005915646670679909,0.011034712303594674,0.010448333743790212
2020-06-23,0.004298169191483789,0.005026304432613613,0.007419313081496757,0.004044697082697321
2020-06-24,-0.0261952655956623,-0.027526237680266567,-0.022175979372722567,-0.035067979181126516
2020-06-25,0.01089982772821816,0.011707543258614776,0.010823066463442527,0.01681784020419381
2020-06-26,-0.024525204274831163,-0.02876606081330164,-0.026276153867816572,-0.02473544102725005
2020-06-29,0.01457888811353358,0.022930643311426607,0.011912774931627259,0.030309522525155824
2020-06-30,0.015292349435755562,0.008445319406637,0.01852457350029294,0.014085452843668753
2020-07-01,0.005009563975870565,-0.003022830756812596,0.009484903380965458,-0.009802451889147667
2020-07-02,0.0045309704768169146,0.0035835762505851687,0.005205720808945402,0.0031826932491600124
2020-07-06,0.01575693083216329,0.01764126395205161,0.021900728910419467,0.0076668314690313275
2020-07-07,-0.010877477869643567,-0.015211900740465571,-0.008640224052571775,-0.018805124363128197
2020-07-08,0.007796986263430269,0.006817126884263981,0.01426474298411986,0.008018629387170599
2020-07-09,-0.005659591476194623,-0.013952938313011327,0.005251850808975774,-0.02015408289930775
2020-07-10,0.010411809774443004,0.01426061332357901,0.0065854055769100335,0.01684191279266669
2020-07-13,-0.009406645216058874,0.0004025988649508159,-0.021573338837342963,-0.013523501931643166
2020-07-14,0.01331730058290395,0.021119922383810514,0.00936241990348403,0.01743797439029185
2020-07-15,0.009041056936355048,0.008503072401601171,0.005885272878119101,0.03441557134005356
2020-07-16,-0.0034119152141152374,-0.005051373500971722,-0.007292554037522689,-0.00727130068017825
2020-07-17,0.0028445625875835605,-0.00235033411406212,0.0027992889384761436,0.003917123480492172
2020-07-20,0.008371797255140334,0.0003343749114816961,0.024815183704461265,-0.0036514847471062753
2020-07-21,0.0016776293345600682,0.00596143267369265,-0.00808767141532253,0.013236751265240557
2020-07-22,0.005730630594473862,0.006144903450460099,0.002409889929494511,0.001766497436006555
2020-07-23,-0.012396378412246847,-0.013176553761272797,-0.023122266462265197,4.0221266119345046e-05
2020-07-24,-0.006209640024276134,-0.006868695170690051,-0.00943508782908084,-0.015315929409522009
2020-07-27,0.007367928821482373,0.004330593597191651,0.016564436663143643,0.011584693722173897
2020-07-28,-0.006494435418646306,-0.007759650933237257,-0.012816813572435633,-0.0100799418843273
2020-07-29,0.012351783351742583,0.006058011730211955,0.013449749880064083,0.020785894387035767
2020-07-30,-0.0037573017634548516,-0.008549007792688043,0.004246816422629563,-0.003691945278333649
2020-07-31,0.0076412362421762695,0.004348343492997091,0.014762315344023724,-0.009860455509893468
2020-08-03,0.007155362664358673,0.008893182754068923,0.014554004945439012,0.017655606842461112
2020-08-04,0.003605423026133557,0.0061343062594402436,0.0035131120516395916,0.0068848669125337845
2020-08-05,0.006409160435517922,0.01380917355884907,0.005217112071407082,0.018953074974962958
2020-08-06,0.006407126020664802,0.0067948982320573835,0.00992205613198398,-0.0010482488842626905
2020-08-07,0.0006328292699566697,0.0016964472883584149,-0.008778899986397169,0.01577530190859254
2020-08-10,0.0027384652733919213,0.012963857553102563,-0.0038782028046023096,0.009822987338244292
2020-08-11,-0.008001055401377298,-0.003768295967866413,-0.017060640731592937,-0.006057464665454459
2020-08-12,0.013899502293613534,0.010417275494989034,0.021053246932805986,0.005160949588857942
2020-08-13,-0.002049272676156681,-0.0028678750648374026,0.0027440617564400446,-0.0021877448750467483
2020-08-14,-0.00017189739627902921,0.0012287379820986911,-0.002103201377038824,-0.0012097745401252976
2020-08-17,0.002706177507423456,-0.0030876919092232506,0.009971685238515328,0.004798697863792265
2020-08-18,0.0023007404198168474,-0.002403318749144109,0.007261205084750445,-0.009951750607690147
2020-08-19,-0.004414123345182018,-0.003071500246496549,-0.005759198232592773,0.0014640638566281756
2020-08-20,0.0031536547683461333,0.0016903270261830316,0.010574197483840368,-0.004954717312332442
2020-08-21,0.0034351999829724668,0.006847499436580717,0.004150258706174642,-0.007584831085453634
2020-08-24,0.009993615364903508,0.013447535085349639,0.005986388405382567,0.010246963518840678
2020-08-25,0.003589899745540117,-0.002122517552903788,0.007594300757090449,0.0017453950655003353
2020-08-26,0.010144001344841499,0.002950865998322411,0.01717091166200958,-0.007038427137191424
2020-08-27,0.0016716460318091384,0.005643724496004138,-0.0034108272995897445,0.0027971005915563797
2020-08-28,0.006710002849570254,0.0056556766172967754,0.006028072823256856,0.008768968417500932
2020-08-31,-0.002197375175508541,-0.007841770734229331,0.006802443899218424,-0.010483413161673538
2020-09-01,0.007496831420705943,0.007555241873280731,0.013848761208684371,0.010635453910743109
2020-09-02,0.01524905014386973,0.01575340244045852,0.009732529800003371,0.008647575249772277
2020-09-03,-0.0357575941421853,-0.028150458404737774,-0.05090212326493307,-0.030356452241308996
2020-09-04,-0.008166280754275102,-0.005650594767409837,-0.012732881658740678,-0.006090970441561321
2020-09-08,-0.02814882908646679,-0.02273591247653728,-0.04201179402005574,-0.020205420366127613
2020-09-09,0.019944760662180386,0.015857810101622422,0.026730028330959367,0.014444005324763625
2020-09-10,-0.017741245925395586,-0.014633528491868407,-0.020123812520272386,-0.01234594509603039
2020-09-11,0.0005329301580873496,0.004748560475928862,-0.006066212098539381,-0.006975010408490031
2020-09-14,0.012661335025022992,0.011775037705385518,0.018539894816271767,0.026169463821435934
2020-09-15,0.005205785930499657,8.107071393967047e-05,0.012017054569503307,0.0007674846970104666
2020-09-16,-0.0046296468921518345,0.0013129602379417138,-0.012576210550994475,0.009176588256517716
2020-09-17,-0.008447949528552457,-0.0046626304036376486,-0.012767447145469032,-0.006287711024238784
2020-09-18,-0.011245576947828505,-0.008803627277672615,-0.010781745524561539,-0.0037799512950424654
2020-09-21,-0.011638564027297718,-0.018601744108473813,-0.0013425196710261304,-0.0341062291424382
2020-09-22,0.010463016398376152,0.005161330483911939,0.017003087193005365,0.007853250625356653
2020-09-23,-0.02400733891437413,-0.019428403797994556,-0.03062285686099566,-0.030866439387732852
2020-09-24,0.0029830055546290505,0.0019525944818731941,0.0036872905386653764,0.00024798528899068717
2020-09-25,0.015850439224188495,0.013281375673007073,0.022357268606905026,0.015779089374775613
2020-09-28,0.0159821918538544,0.014978893172993809,0.018517153054660295,0.023737774258222672
2020-09-29,-0.004824282704443997,-0.004775017065535783,-0.0029077706291231915,-0.0037213012802092566
2020-09-30,0.00821984256837961,0.011914430024059161,0.007393252898568956,0.0019651721651391544
2020-10-01,0.0052789495642950775,0.0012662612665007326,0.014137326409649195,0.015473070529499222
2020-10-02,-0.009623812866370861,-0.0048321010107044565,-0.022453895648064447,0.0052760895271287125
2020-10-05,0.017813109002900934,0.01668740031814239,0.022981762622676614,0.027336760528386756
2020-10-06,-0.014072064387523205,-0.013443387241521582,-0.015821908233435027,-0.0029563505745114483
2020-10-07,0.017247163770241564,0.01892841601349033,0.01865129267362409,0.021171748123167296
2020-10-08,0.007978212894869286,0.004302881399793778,0.004948829413152083,0.010810120914482623
2020-10-09,0.008755095180752877,0.005661611416062286,0.013822271940788958,0.005511173883632685
2020-10-12,0.01628253015832422,0.008728716187182866,0.025267101929880187,0.006998141904498697
2020-10-13,-0.006326891629163268,-0.005483890834056986,-0.0010412209551462835,-0.007425745891571049
2020-10-14,-0.0066451720840594065,-0.005798215220335782,-0.008054155029021843,-0.009329483763142278
2020-10-15,-0.001528923514213078,-0.0006946643576750733,-0.004672434057660353,0.010568920205618887
2020-10-16,0.00013491045663045577,0.003926811604547257,-0.003618543136280358,-0.0030983382150806303
2020-10-19,-0.016464663514942676,-0.01446779134308249,-0.016646261694777693,-0.012428443991079782
2020-10-20,0.0047161953200011274,0.0040127733770100845,0.003271126744868158,0.0025252423242051823
2020-10-21,-0.0021981140115702774,-0.0034667206373248226,-0.002765060229954817,-0.008648183605906917
2020-10-22,0.0052053540034913415,0.005403150477662932,0.001854605720326243,0.016370016093589877
2020-10-23,0.003439838320389479,-0.0009908369413796666,0.003667044624601894,0.006267696127844608
2020-10-26,-0.018764472985322012,-0.02321340984572472,-0.0165313948989565,-0.021746508609320297
2020-10-27,-0.003030205350445511,-0.00805796441303719,0.00635440998874726,-0.009074131923409537
2020-10-28,-0.03592554210857772,-0.034949292165368614,-0.038021634152105084,-0.030270392305280475
2020-10-29,0.01187652493999744,0.005233656915949079,0.016288416054748973,0.01178806049504746
2020-10-30,-0.012203713445259962,-0.0059258136149946085,-0.0248008160379465,-0.01490319775076187
2020-11-02,0.012242950890591667,0.015852015278320402,0.004208711368732377,0.0193822015491776
2020-11-03,0.01764273768407783,0.020402424403174756,0.01835283478752179,0.028724351554117365
2020-11-04,0.021807525655091704,0.013289413440337383,0.03782291915609089,0.0004830074135256501
2020-11-05,0.01927326577670128,0.019294352807924322,0.02556592027829524,0.027463287968298583
2020-11-06,-0.00028775658537381985,-0.0023549678100189208,0.0003616204775059454,-0.0071275598519367715
2020-11-09,0.011631974746344153,0.0290399810111921,-0.01537156894135578,0.03386840182238871
2020-11-10,-0.001400775220867666,0.008977670353702963,-0.013746339190530558,0.018576656136008875
2020-11-11,0.007622728362991461,-0.0007918951897899748,0.01992923250262916,-4.0339302735730074e-05
2020-11-12,-0.01002865154706935,-0.010857592179273703,-0.006540692357346141,-0.016526694605624358
2020-11-13,0.013518546706294007,0.013649144899787547,0.010170511741887666,0.020606067392777715
2020-11-16,0.011580734922832603,0.015838356542424666,0.007985405725161664,0.02340457073786242
2020-11-17,-0.004803443784647531,-0.005594497927421678,-0.0020811450468390816,0.003673255012514842
2020-11-18,-0.011631210647481315,-0.011648878130345852,-0.008247840862843197,-0.012686847530063902
2020-11-19,0.003938675690732779,0.0015210217370711409,0.008699034447352096,0.008335642573286133
2020-11-20,-0.006815737372918576,-0.007481304789370093,-0.004186950976923717,0.0006779499442628214
2020-11-23,0.005620108181849693,0.011139031319571674,0.0021621670965970737,0.018293171357780424
2020-11-24,0.016032458814031775,0.01525816660528214,0.01305846331541535,0.019189919381539217
2020-11-25,-0.0015856747555094064,-0.005800192150234374,0.00477477157063726,-0.004601816750407604
2020-11-27,0.0023941110259011363,0.0012678702676503595,0.00917274515173675,0.00554012042767589
2020-11-30,-0.004606140636972006,-0.009126277756433947,-0.0005826260753920736,-0.01929268297139944
2020-12-01,0.011208140661592923,0.006231816954705585,0.012737084203664711,0.008878985952724171
2020-12-02,0.0017895645286042845,0.0020054080690022217,-0.0004647120173658341,0.0010778102917314417
2020-12-03,-0.0006243520802942291,0.0028646879977966616,0.002249370191778369,0.005788301135322732
2020-12-04,0.00879746371518688,0.008265520124380915,0.007008550402608025,0.023389597135527938
2020-12-07,-0.001937513438963252,-0.004925387573896469,0.004460407943046254,-0.0006342739792208298
2020-12-08,0.002783271170170473,0.0034556958630579167,0.005004992905696638,0.013930296222966373
2020-12-09,-0.00798096494847171,-0.003488237878716541,-0.019567439014662603,-0.008183444141531085
2020-12-10,-0.0012859345277717227,-0.0023157331996638665,0.00540393508268819,0.010745584598686896
2020-12-11,-0.0012657980842328352,0.0015691195353905916,-0.002254666402502766,-0.005737549789445613
2020-12-14,-0.0043687882451469585,-0.006170100579491532,0.005010095654933727,0.00112926444498312
2020-12-15,0.012838482022218645,0.011247368712081825,0.012384333592815155,0.023699884292329026
2020-12-16,0.0017712256203230642,-0.0014836333681192927,0.004999830983234035,-0.0035987643109567052
2020-12-17,0.0057411428089832834,0.004923437915337414,0.008382995243409958,0.012888278187199861
2020-12-18,-0.003517296952148704,-0.004110898162205605,-0.0007139665244144211,-0.004083073986974331
2020-12-21,-0.003913928486909485,0.0012384512846164623,-0.0010291031797981889,0.00017255747035271822
2020-12-22,-0.0020752446917703606,-0.006672211960941194,0.005119327483719073,0.009873318756437962
2020-12-23,0.0007455332718186887,0.0038014732469410844,-0.002878107209565686,0.008616544154983826
2020-12-24,0.0035303499794869524,0.002321877777370219,0.002629054253870497,-0.0015706735738417188
2020-12-28,0.0086847075384115,0.006735623837575352,0.007367672536775503,-0.003849787898533797
2020-12-29,-0.002229864827278697,-0.0022489698435883315,-0.003821432521633665,-0.018652538715766335
2020-12-30,0.0013406480950792154,0.002432805370019563,0.001538111069613442,0.010473907425161865
2020-12-31,0.006418204711703793,0.006454715917065936,0.0014193708828709752,-0.002594286909337708
